,IP Address
0,201.217.49.2:80
1,171.22.25.170:80
2,213.33.2.28:80
3,51.15.242.202:8888
4,50.204.233.30:80
5,50.173.157.78:80
6,50.206.25.108:80
7,103.118.78.194:80
8,207.2.120.61:80
9,32.223.6.94:80
10,50.173.140.138:80
11,50.169.62.104:80
12,50.224.251.202:80
13,50.171.32.231:80
14,80.120.130.231:80
15,50.228.141.100:80
16,50.218.57.69:80
17,50.237.89.163:80
18,50.171.32.230:80
19,103.141.142.1:41317
20,134.195.101.34:8080
21,96.113.159.162:80
22,50.175.31.243:80
23,50.219.71.165:80
24,50.237.89.167:80
25,50.227.121.34:80
26,50.221.74.130:80
27,82.165.21.59:80
28,117.54.114.100:80
29,50.168.72.117:80
30,50.173.157.79:80
31,50.204.219.229:80
32,121.1.41.162:111
33,50.228.141.101:80
34,82.119.96.254:80
35,107.1.93.217:80
36,103.155.217.105:41403
37,50.228.141.97:80
38,50.168.10.150:80
39,167.71.5.83:8080
40,43.130.156.214:80
41,50.224.251.205:80
42,64.176.5.119:80
43,190.58.248.86:80
44,50.207.199.80:80
45,50.219.71.166:80
46,50.168.49.106:80
47,47.56.110.204:8989
48,50.168.163.166:80
49,103.49.202.252:80
50,103.83.232.122:80
51,50.223.38.6:80
52,50.171.2.8:80
53,123.205.24.240:80
54,50.173.140.145:80
55,50.221.203.217:80
56,50.173.157.75:80
57,50.221.203.219:80
58,50.231.110.26:80
59,50.219.71.167:80
60,187.217.54.84:80
61,162.223.94.163:80
62,50.168.10.144:80
63,50.168.163.183:80
64,50.174.145.12:80
65,139.59.1.14:8080
66,50.227.121.32:80
67,50.173.157.73:80
68,50.173.157.70:80
69,184.10.84.74:80
70,50.207.199.86:80
71,198.199.86.11:3128
72,50.223.129.105:80
73,50.171.2.13:80
74,178.33.3.163:8080
75,43.130.156.199:80
76,50.168.72.116:80
77,134.209.29.120:8080
78,50.224.251.207:80
79,201.148.32.162:80
80,50.171.2.10:80
81,50.218.57.66:80
82,50.173.157.76:80
83,50.237.89.161:80
84,50.219.71.161:80
85,146.59.199.12:80
86,12.69.91.227:80
87,34.87.84.105:80
88,203.146.127.159:80
89,50.225.202.9:3128
90,202.61.204.51:80
91,37.57.15.43:33761
92,154.40.60.198:80
93,129.153.150.87:80
94,175.100.103.170:55443
95,38.49.128.152:999
96,8.213.128.90:443
97,146.83.205.10:8085
98,89.117.32.209:80
99,196.203.83.249:9090
100,88.255.201.142:8080
101,103.68.214.10:8080
102,50.168.49.111:80
103,50.223.129.104:80
104,50.228.141.103:80
105,50.168.34.138:80
106,50.174.7.159:80
107,50.237.89.160:80
108,50.204.219.231:80
109,50.173.140.149:80
110,50.168.163.180:80
111,50.223.129.109:80
112,50.206.25.104:80
113,50.174.7.158:80
114,189.204.137.226:80
115,50.168.163.179:80
116,50.168.10.174:80
117,50.174.7.156:80
118,143.42.163.193:80
119,50.202.75.26:80
120,50.168.72.115:80
121,50.227.121.38:80
122,50.168.163.181:80
123,107.1.93.223:80
124,50.217.29.198:80
125,50.217.226.45:80
126,50.221.203.220:80
127,50.239.72.17:80
128,0.0.0.0:80
129,50.168.10.158:80
130,50.237.207.186:80
131,50.228.141.99:80
132,50.217.226.46:80
133,50.221.203.198:80
134,50.237.89.165:80
135,50.173.140.146:80
136,50.200.12.83:80
137,50.168.10.173:80
138,50.219.71.170:80
139,50.206.111.88:80
140,50.217.153.79:80
141,50.207.199.85:80
142,50.168.10.153:80
143,50.168.10.169:80
144,50.217.153.74:80
145,50.173.157.72:80
146,107.1.93.216:80
147,50.173.140.151:80
148,50.222.245.46:80
149,50.200.12.82:80
150,50.228.83.226:80
151,50.235.240.86:80
152,50.174.7.155:80
153,213.33.2.27:80
154,50.227.121.35:80
155,107.1.93.220:80
156,50.239.72.16:80
157,50.217.153.75:80
158,50.171.32.225:80
159,50.221.203.221:80
160,50.169.175.234:80
161,50.221.203.195:80
162,50.168.72.122:80
163,50.223.129.106:80
164,50.168.49.108:80
165,50.169.135.10:80
166,50.168.72.112:80
167,50.168.72.119:80
168,50.171.32.226:80
169,50.168.163.178:80
170,50.217.226.42:80
171,41.230.216.70:80
172,50.171.32.224:80
173,50.237.89.162:80
174,50.168.163.182:80
175,107.1.93.211:80
176,50.171.2.14:80
177,50.169.62.107:80
178,66.191.31.158:80
179,50.200.12.81:80
180,182.253.232.88:8080
181,85.25.198.20:5566
182,64.225.8.192:80
183,161.35.132.169:8888
184,180.247.60.202:8080
185,103.155.199.54:8080
186,68.183.230.116:45527
187,103.188.10.114:8080
188,8.219.97.248:80
189,51.75.206.209:80
190,50.217.226.47:80
191,20.206.106.192:80
192,50.217.226.44:80
193,50.171.2.12:80
194,50.223.129.110:80
195,50.171.2.11:80
196,107.1.93.219:80
197,107.1.93.218:80
198,91.107.140.81:80
199,50.231.167.218:80
200,50.237.89.166:80
201,202.86.138.18:8080
202,20.111.54.16:8123
203,50.218.57.64:80
204,50.220.168.134:80
205,50.222.245.43:80
206,50.217.226.43:80
207,50.230.222.202:80
208,50.221.203.222:80
209,50.173.140.148:80
210,50.221.227.130:80
211,50.169.62.114:80
212,47.177.148.110:80
213,103.163.51.254:80
214,77.48.244.78:80
215,50.221.230.186:80
216,110.34.3.229:3128
217,50.218.57.70:80
218,50.227.121.37:80
219,206.189.30.235:80
220,172.108.208.74:80
221,50.200.12.86:80
222,50.168.49.109:80
223,50.171.1.222:80
224,50.174.7.157:80
225,50.223.38.98:80
226,103.197.251.202:80
227,50.168.10.157:80
228,213.157.6.50:80
229,50.223.129.107:80
230,50.237.89.164:80
231,117.251.103.186:8080
232,50.219.106.86:80
233,50.168.10.151:80
234,41.207.187.178:80
235,50.175.31.244:80
236,190.61.88.147:8080
237,50.174.7.162:80
238,127.0.0.7:80
239,50.169.62.111:80
240,50.206.111.90:80
241,183.89.8.31:8080
242,202.52.58.13:2121
243,200.111.249.195:999
244,38.45.251.240:999
245,201.48.210.21:80
246,209.141.62.12:5555
247,144.86.187.39:8888
248,144.86.187.49:8888
249,217.61.247.50:3128
250,144.86.187.36:8888
251,144.86.187.45:8888
252,144.86.187.42:8888
253,64.225.4.29:9865
254,144.86.187.46:8888
255,188.215.245.235:80
256,50.171.32.227:80
257,144.86.187.35:3128
258,50.168.10.154:80
259,50.217.226.40:80
260,50.219.106.81:80
261,50.206.111.91:80
262,50.170.90.34:80
263,50.200.12.85:80
264,50.174.7.153:80
265,50.221.203.110:80
266,50.221.203.215:80
267,50.174.7.152:80
268,50.219.106.82:80
269,50.223.129.108:80
270,190.103.177.131:80
271,50.207.199.87:80
272,103.167.134.31:80
273,140.238.58.147:80
274,50.218.57.74:80
275,188.235.0.207:8181
276,103.77.60.14:80
277,107.1.93.215:80
278,50.222.245.45:80
279,50.228.141.98:80
280,50.239.72.19:80
281,50.168.163.176:80
282,50.224.251.206:80
283,85.26.146.169:80
284,212.107.31.118:80
285,80.228.235.6:80
286,213.33.126.130:80
287,50.219.71.160:80
288,50.221.203.194:80
289,107.1.93.213:80
290,212.145.210.146:80
291,50.174.145.8:80
292,50.206.111.89:80
293,50.207.199.82:80
294,50.238.154.98:80
295,169.55.89.6:80
296,103.68.214.19:8080
297,103.167.170.206:8080
298,83.171.90.83:8080
